Steps,Policy/Entropy,Environment/Episode Length,Self-play/ELO,Policy/Extrinsic Value Estimate,Environment/Cumulative Reward,Policy/Extrinsic Reward,Is Training
10000,1.4189383,936.8181818181819,1199.7740317960038,0.004090025,-0.1,-0.1,1.0
20000,1.4187168,827.25,1199.2266616776592,0.0030831909,-0.08333333333333333,-0.08333333333333333,1.0
30000,1.4189519,999.0,1199.0462819329623,-0.019120738,0.0,0.0,1.0
