{
    "name": "root",
    "gauges": {
        "bismillah2_TenniPong.Policy.Entropy.mean": {
            "value": 1.4189518690109253,
            "min": 1.4187167882919312,
            "max": 1.4189518690109253,
            "count": 3
        },
        "bismillah2_TenniPong.Environment.EpisodeLength.mean": {
            "value": 999.0,
            "min": 827.25,
            "max": 999.0,
            "count": 3
        },
        "bismillah2_TenniPong.Self-play.ELO.mean": {
            "value": 1199.0462819329623,
            "min": 1199.0462819329623,
            "max": 1199.7740317960038,
            "count": 3
        },
        "bismillah2_TenniPong.Policy.ExtrinsicValueEstimate.mean": {
            "value": -0.01912073791027069,
            "min": -0.01912073791027069,
            "max": 0.0040900250896811485,
            "count": 3
        },
        "bismillah2_TenniPong.Environment.CumulativeReward.mean": {
            "value": 0.0,
            "min": -0.1,
            "max": 0.0,
            "count": 3
        },
        "bismillah2_TenniPong.Policy.ExtrinsicReward.mean": {
            "value": 0.0,
            "min": -0.1,
            "max": 0.0,
            "count": 3
        },
        "bismillah2_TenniPong.IsTraining.mean": {
            "value": 1.0,
            "min": 1.0,
            "max": 1.0,
            "count": 3
        },
        "bismillah2_TenniPong.Losses.ValueLoss.mean": {
            "value": 0.009514749981462955,
            "min": 0.009514749981462955,
            "max": 0.017526589334011078,
            "count": 2
        },
        "bismillah2_TenniPong.Losses.PolicyLoss.mean": {
            "value": 0.02258685976266861,
            "min": 0.02258685976266861,
            "max": 0.033439673483371735,
            "count": 2
        },
        "bismillah2_TenniPong.Policy.LearningRate.mean": {
            "value": 0.00030000004335306585,
            "min": 0.00030000004335306585,
            "max": 0.00030000004335306585,
            "count": 2
        }
    },
    "metadata": {
        "timer_format_version": "0.1.0",
        "start_time_seconds": "1590351273",
        "python_version": "3.7.7 (tags/v3.7.7:d7c567b08f, Mar 10 2020, 10:41:24) [MSC v.1900 64 bit (AMD64)]",
        "command_line_arguments": "C:\\Users\\Samsung\\AppData\\Local\\Programs\\Python\\Python37\\Scripts\\mlagents-learn Config/trainer.yaml --run-id=bismillah2",
        "mlagents_version": "0.16.1",
        "mlagents_envs_version": "0.16.1",
        "communication_protocol_version": "1.0.0",
        "tensorflow_version": "2.2.0",
        "end_time_seconds": "1590351719"
    },
    "total": 445.840087,
    "count": 1,
    "self": 0.0010044999999649917,
    "children": {
        "run_training.setup": {
            "total": 0.0730063999999997,
            "count": 1,
            "self": 0.0730063999999997
        },
        "TrainerController.start_learning": {
            "total": 445.7660761,
            "count": 1,
            "self": 32.1052705000003,
            "children": {
                "TrainerController._reset_env": {
                    "total": 15.663524700000002,
                    "count": 1,
                    "self": 15.663524700000002
                },
                "TrainerController.advance": {
                    "total": 396.44348359999975,
                    "count": 39938,
                    "self": 0.6347537999942006,
                    "children": {
                        "env_step": {
                            "total": 395.80872980000555,
                            "count": 39938,
                            "self": 311.9590804000088,
                            "children": {
                                "SubprocessEnvManager._take_step": {
                                    "total": 83.16957489999793,
                                    "count": 39938,
                                    "self": 3.290059499994058,
                                    "children": {
                                        "NNPolicy.evaluate": {
                                            "total": 79.87951540000387,
                                            "count": 79802,
                                            "self": 79.87951540000387
                                        }
                                    }
                                },
                                "workers": {
                                    "total": 0.6800744999988169,
                                    "count": 39937,
                                    "self": 0.0,
                                    "children": {
                                        "worker_root": {
                                            "total": 425.9777776999972,
                                            "count": 39937,
                                            "is_parallel": true,
                                            "self": 207.53015309999665,
                                            "children": {
                                                "steps_from_proto": {
                                                    "total": 0.0010643000000012393,
                                                    "count": 2,
                                                    "is_parallel": true,
                                                    "self": 0.0006409000000022758,
                                                    "children": {
                                                        "_process_vector_observation": {
                                                            "total": 0.0004233999999989635,
                                                            "count": 4,
                                                            "is_parallel": true,
                                                            "self": 0.0004233999999989635
                                                        }
                                                    }
                                                },
                                                "UnityEnvironment.step": {
                                                    "total": 218.44656030000056,
                                                    "count": 39937,
                                                    "is_parallel": true,
                                                    "self": 6.342009300002729,
                                                    "children": {
                                                        "UnityEnvironment._generate_step_input": {
                                                            "total": 5.028901699995018,
                                                            "count": 39937,
                                                            "is_parallel": true,
                                                            "self": 5.028901699995018
                                                        },
                                                        "communicator.exchange": {
                                                            "total": 188.53885020000013,
                                                            "count": 39937,
                                                            "is_parallel": true,
                                                            "self": 188.53885020000013
                                                        },
                                                        "steps_from_proto": {
                                                            "total": 18.536799100002696,
                                                            "count": 79874,
                                                            "is_parallel": true,
                                                            "self": 9.053131800014384,